;T2M_MAX;T2M_MIN;T2MDEW;T2M;ALLSKY_SFC_SW_DWN;ALLSKY_SFC_SW_UP;ALLSKY_SFC_LW_DWN;ALLSKY_SFC_LW_UP;PS;WS2M;PRECTOTCORR
20220101;25.42;16.85;17.4;20.49;3.79;0.49;9.16;10.15;93.56;1.05;0.39
20220102;25.45;17.46;17.65;20.7;4.57;0.59;9.04;10.33;93.5;1.0;0.44
20220103;24.46;18.14;17.77;20.5;3.52;0.45;9.13;10.38;93.46;0.98;0.71
20220104;25.99;17.63;18.47;21.19;4.38;0.56;9.17;10.28;93.42;0.7;0.16
20220105;26.51;17.27;18.98;21.56;5.17;0.67;9.12;10.23;93.39;0.46;0.07
20220106;26.4;17.76;18.41;21.5;5.08;0.66;9.13;10.39;93.46;0.46;0.02
20220107;26.88;16.71;18.29;21.37;5.67;0.73;8.93;10.54;93.52;0.56;0.07
20220108;26.75;15.9;17.67;21.13;5.93;0.76;8.63;10.49;93.48;0.44;0.02
20220109;26.48;15.3;17.99;20.65;5.11;0.66;8.87;10.39;93.4;0.41;0.32
20220110;26.6;16.78;18.52;21.21;5.32;0.68;9.02;10.32;93.46;0.45;0.2
20220111;25.15;15.05;16.03;19.38;5.95;0.77;8.24;10.38;93.55;0.75;0.01
20220112;25.85;14.44;16.68;19.59;5.42;0.7;8.52;9.98;93.54;0.63;0.03
20220113;24.62;14.84;15.63;18.82;5.98;0.78;8.09;10.12;93.58;0.81;0.03
20220114;24.87;14.19;15.77;18.76;5.45;0.71;8.36;10.14;93.55;0.76;0.02
20220115;24.79;12.91;15.15;18.58;6.3;0.84;7.97;10.29;93.54;0.54;0.0
20220116;26.15;12.79;16.54;19.37;6.05;0.78;8.27;10.41;93.51;0.65;0.04
20220117;26.13;15.61;17.46;20.35;5.86;0.76;8.69;10.38;93.51;0.66;0.18
20220118;26.06;15.91;17.13;20.14;5.62;0.73;8.53;10.32;93.45;0.66;0.3
20220119;25.65;15.08;16.38;19.72;5.91;0.76;8.41;10.31;93.34;0.77;0.06
20220120;25.8;15.09;16.88;20.05;5.72;0.73;8.65;10.5;93.3;0.52;0.04
20220121;26.31;14.77;16.6;20.33;6.09;0.78;8.44;10.43;93.35;0.43;0.01
20220122;26.82;14.8;17.38;20.66;6.04;0.76;8.59;10.45;93.24;0.44;0.0
20220123;27.05;16.49;18.47;21.49;5.51;0.71;9.09;10.55;93.25;0.38;0.0
20220124;27.64;17.0;19.08;21.88;5.21;0.68;9.25;10.53;93.23;0.44;0.0
20220125;27.37;17.49;18.68;21.85;4.79;0.62;9.25;10.36;93.26;0.45;0.0
20220126;27.44;16.41;17.7;21.44;5.75;0.73;8.57;10.33;93.3;0.53;0.0
20220127;26.61;15.3;16.52;20.6;6.11;0.79;8.38;10.4;93.26;0.59;0.0
20220128;27.53;15.88;18.0;21.55;5.36;0.7;8.76;10.25;93.27;0.38;0.0
20220129;27.66;18.41;19.03;22.43;5.83;0.75;8.96;10.27;93.25;0.39;0.0
20220130;27.68;17.17;18.93;22.12;4.78;0.61;9.35;10.27;93.27;0.44;0.0
20220131;27.25;18.07;18.78;22.04;5.53;0.71;9.11;10.51;93.28;0.62;0.0
20220201;27.75;16.68;17.66;21.46;6.23;0.83;8.69;10.48;93.33;0.65;0.0
20220202;27.99;16.03;17.97;21.6;6.0;0.8;8.9;10.26;93.4;0.66;0.0
20220203;28.09;17.34;18.41;21.93;6.15;0.82;8.75;10.71;93.37;0.74;0.01
20220204;27.24;17.28;18.04;21.51;5.57;0.75;8.92;10.62;93.35;1.06;0.1
20220205;25.36;18.02;17.43;21.0;4.67;0.64;9.07;10.51;93.4;1.29;0.65
20220206;26.87;17.72;18.1;21.33;4.26;0.58;9.16;10.3;93.4;1.1;1.48
20220207;28.4;17.63;19.28;22.42;5.6;0.76;9.27;10.43;93.35;0.61;0.25
20220208;27.41;18.14;18.94;22.15;5.23;0.7;9.28;10.25;93.37;0.57;0.07
20220209;27.69;17.88;18.87;22.14;6.0;0.81;9.19;10.33;93.35;0.83;0.15
20220210;26.27;17.72;18.21;21.36;5.63;0.76;9.3;10.53;93.29;0.78;0.07
20220211;27.87;17.43;18.44;21.91;5.61;0.76;9.21;10.49;93.23;0.86;0.03
20220212;28.1;17.88;19.08;22.25;4.64;0.63;9.24;10.42;93.14;0.81;0.06
20220213;27.99;18.57;19.37;22.52;4.34;0.59;9.46;10.0;93.05;0.65;0.07
20220214;28.71;18.45;19.26;22.9;5.16;0.7;9.48;10.49;93.15;0.85;0.12
20220215;27.95;18.44;19.36;22.47;4.79;0.65;9.41;10.59;93.18;1.0;0.74
20220216;28.3;17.2;18.89;22.18;5.73;0.77;9.28;10.4;93.14;0.73;1.84
20220217;28.89;18.63;19.9;22.87;5.72;0.77;9.24;10.55;93.12;0.51;2.59
20220218;28.71;19.29;19.92;23.15;4.91;0.67;9.44;10.53;93.22;0.65;0.16
20220219;29.55;17.49;19.32;23.17;4.99;0.67;9.35;10.33;93.33;0.45;0.05
20220220;28.8;19.31;19.99;23.35;4.21;0.57;9.49;10.42;93.26;0.68;0.06
20220221;28.09;17.68;17.55;22.28;5.45;0.74;9.19;10.15;93.32;0.47;0.0
20220222;28.82;16.25;16.75;22.07;5.73;0.77;9.02;10.27;93.44;0.69;0.03
20220223;27.75;16.33;15.58;21.17;5.52;0.75;8.99;10.08;93.58;1.04;0.01
20220224;27.38;16.77;15.96;21.16;4.85;0.67;9.03;10.16;93.56;1.3;0.06
20220225;27.58;18.62;17.33;22.24;4.38;0.6;9.1;10.22;93.55;1.3;0.03
20220226;27.13;18.84;18.01;22.1;6.28;0.84;8.98;10.64;93.53;1.0;0.02
20220227;28.32;18.05;17.98;22.35;5.81;0.78;9.22;10.39;93.46;1.1;0.06
20220228;29.22;17.37;18.27;22.61;6.11;0.81;9.08;10.74;93.43;0.87;0.01
20220301;29.66;16.85;17.93;22.9;6.49;0.92;9.1;10.66;93.41;0.52;0.0
20220302;27.95;18.7;18.19;22.64;4.52;0.65;9.42;10.38;93.42;0.72;0.13
20220303;30.18;19.02;18.62;23.83;6.47;0.9;9.24;10.5;93.32;0.64;0.0
20220304;31.28;17.92;18.19;23.91;6.99;0.94;9.1;10.79;93.27;0.55;0.0
20220305;29.77;18.09;18.82;23.42;6.29;0.88;9.19;10.8;93.24;0.61;0.17
20220306;29.06;19.1;18.91;23.32;6.33;0.89;9.17;10.83;93.25;0.74;0.0
20220307;30.43;17.98;17.22;23.25;6.82;0.95;9.01;10.73;93.32;0.7;0.0
20220308;30.16;16.42;17.8;22.77;6.53;0.9;8.96;10.66;93.23;0.87;0.01
20220309;31.01;16.53;16.47;23.26;6.78;0.94;8.96;10.52;93.2;0.38;0.0
20220310;30.25;15.11;14.29;22.16;6.45;0.9;8.61;10.52;93.15;0.57;0.0
20220311;31.08;15.54;15.18;22.66;6.97;0.97;8.67;10.5;93.06;0.58;0.0
20220312;30.55;17.89;18.15;23.68;3.0;0.43;9.61;10.37;93.05;0.43;0.0
20220313;29.68;19.84;19.78;24.01;4.8;0.68;9.67;10.55;93.08;0.64;0.0
20220314;31.2;19.54;20.39;24.68;6.36;0.9;9.55;10.67;93.12;0.51;0.0
20220315;31.88;18.79;19.21;24.76;6.2;0.87;9.42;10.52;93.03;0.52;0.0
20220316;32.0;18.55;18.59;24.47;6.44;0.9;9.34;10.65;93.01;0.56;0.0
20220317;31.81;19.41;18.08;24.77;6.1;0.86;9.37;10.69;93.05;0.53;0.0
20220318;31.92;19.22;19.03;24.66;5.7;0.8;9.48;10.55;93.04;0.47;0.38
20220319;31.52;19.95;19.09;24.41;6.35;0.88;9.32;10.82;93.02;0.67;0.57
20220320;29.43;19.36;19.72;23.43;4.95;0.71;9.53;10.73;93.17;0.74;3.19
20220321;27.53;19.31;20.24;22.54;4.01;0.58;9.55;10.7;93.32;1.04;19.32
20220322;28.58;20.07;20.02;23.5;5.22;0.75;9.54;10.72;93.37;0.75;0.57
20220323;28.33;19.99;20.24;23.45;6.18;0.87;9.55;10.39;93.32;0.66;0.81
20220324;28.87;19.92;20.48;23.71;6.26;0.89;9.43;10.8;93.24;0.75;2.41
20220325;27.77;20.05;20.64;23.39;6.95;0.97;9.15;11.13;93.33;0.61;1.67
20220326;31.11;20.72;20.11;25.07;7.0;0.97;9.27;10.9;93.37;0.53;0.08
20220327;30.39;20.92;20.94;24.99;6.16;0.88;9.47;10.69;93.35;0.45;0.41
20220328;31.23;20.44;19.34;24.72;6.53;0.91;9.35;10.85;93.32;0.54;0.09
20220329;30.52;18.23;18.71;23.8;5.29;0.76;9.31;10.62;93.24;0.66;0.37
20220330;28.35;19.13;19.75;22.85;4.03;0.58;9.44;10.19;93.16;0.47;21.45
20220331;24.73;20.08;21.01;22.11;1.5;0.22;9.45;9.86;93.09;0.73;23.82
20220401;26.55;20.26;21.04;22.98;4.31;0.57;9.36;10.41;93.32;1.06;17.08
20220402;28.55;19.24;20.06;23.04;5.41;0.7;9.22;10.55;93.37;0.64;1.83
20220403;28.12;19.11;18.24;22.39;5.8;0.75;9.22;10.55;93.38;1.07;2.56
20220404;28.73;18.26;19.07;22.8;5.12;0.66;9.52;10.43;93.44;0.9;2.9
20220405;28.46;19.17;19.78;22.98;3.48;0.46;9.57;10.33;93.46;0.9;4.7
20220406;29.75;18.58;19.44;23.5;5.02;0.66;9.35;10.36;93.36;0.69;0.35
20220407;27.96;18.14;17.58;22.34;3.96;0.53;9.28;10.82;93.33;0.6;0.0
20220408;30.41;15.6;16.55;22.74;6.7;0.85;8.92;10.34;93.25;0.52;0.0
20220409;30.01;17.93;18.14;23.37;6.43;0.78;9.16;10.64;93.16;0.49;0.0
20220410;30.15;18.8;19.12;23.82;6.49;0.82;9.44;10.52;93.16;0.59;0.0
20220411;30.93;19.8;19.7;24.5;6.29;0.76;9.51;10.77;93.13;0.41;0.01
20220412;29.35;20.44;20.45;24.25;5.75;0.72;9.6;10.77;93.07;0.58;0.18
20220413;31.23;20.57;20.98;25.13;5.36;0.67;9.61;10.9;93.0;0.5;0.27
20220414;28.25;22.12;21.74;24.4;4.75;0.6;9.7;10.46;93.0;0.41;1.03
20220415;29.29;20.43;19.79;23.55;4.91;0.63;9.78;10.59;93.12;0.38;4.58
20220416;29.45;19.27;20.07;23.56;3.89;0.5;9.74;10.61;93.13;0.65;4.14
20220417;31.31;19.0;19.62;24.52;6.46;0.78;9.47;10.54;93.16;0.59;0.05
20220418;31.18;19.56;18.4;24.58;7.08;0.88;9.18;10.68;93.24;0.78;0.03
20220419;31.7;16.94;16.88;23.96;7.24;0.92;9.17;10.56;93.29;0.78;0.01
20220420;31.52;18.81;18.82;24.41;5.35;0.69;9.56;10.5;93.22;0.64;0.09
20220421;32.43;20.16;19.12;25.53;6.9;0.87;9.36;10.67;93.21;0.61;0.03
20220422;33.09;19.21;18.37;25.63;7.17;0.91;9.28;10.92;93.24;0.65;0.02
20220423;32.88;20.13;19.29;25.9;6.74;0.84;9.52;10.86;93.16;0.74;0.09
20220424;31.25;20.97;20.1;25.34;6.46;0.82;9.54;10.74;93.09;0.62;0.19
20220425;33.05;20.55;19.63;26.0;6.69;0.85;9.41;10.74;93.08;0.79;0.04
20220426;33.2;22.06;21.2;26.38;6.45;0.83;9.51;10.63;93.05;0.58;0.24
20220427;33.76;21.87;20.71;26.88;6.49;0.83;9.48;10.66;93.04;0.67;0.18
20220428;29.31;21.51;20.28;24.62;6.03;0.79;9.5;10.88;93.16;0.92;1.12
20220429;26.44;20.44;20.62;23.13;1.75;0.23;9.63;10.31;93.11;0.4;18.42
20220430;27.88;20.77;21.08;23.36;3.83;0.5;9.66;10.17;92.99;0.91;20.82
20220501;27.11;20.89;21.52;23.35;4.26;0.59;9.56;10.18;93.03;0.74;39.3
20220502;27.52;21.06;21.7;23.86;6.01;0.82;9.58;10.36;93.08;0.52;6.57
20220503;25.43;21.31;21.57;23.04;5.2;0.71;9.57;10.49;93.18;0.35;6.81
20220504;28.99;20.4;21.57;23.84;5.91;0.81;9.63;10.62;93.16;0.41;1.74
20220505;29.69;20.81;20.88;24.31;6.28;0.86;9.46;10.62;93.1;0.66;0.4
20220506;30.4;20.13;20.15;24.38;6.98;0.95;9.46;10.49;93.07;0.76;0.09
20220507;29.87;19.09;19.61;23.9;4.23;0.6;9.57;10.24;93.13;1.05;0.3
20220508;28.59;20.06;20.05;23.9;4.58;0.65;9.51;10.65;93.14;1.01;0.14
20220509;30.23;20.3;19.57;24.56;6.49;0.9;9.42;10.64;93.17;0.75;0.07
20220510;31.86;19.71;19.62;25.3;6.37;0.89;9.43;10.57;93.12;0.63;0.07
20220511;31.84;20.94;20.86;25.62;5.55;0.77;9.58;10.33;93.12;0.45;0.22
20220512;28.88;22.38;22.1;24.83;5.7;0.78;9.61;10.37;93.11;0.55;0.76
20220513;29.98;21.59;21.64;25.23;6.28;0.86;9.56;10.6;93.07;0.68;0.34
20220514;28.07;22.45;22.4;24.67;6.08;0.84;9.62;10.47;93.18;0.58;1.01
20220515;30.43;21.9;22.21;25.5;6.54;0.89;9.54;10.4;93.21;0.62;0.45
20220516;27.81;22.4;22.66;24.52;5.2;0.73;9.56;10.71;93.18;0.48;5.06
20220517;28.47;21.17;21.74;24.26;4.08;0.57;9.69;10.88;93.13;0.55;6.35
20220518;25.23;21.66;21.81;23.19;4.68;0.65;9.71;10.65;93.2;0.31;4.82
20220519;27.02;20.98;21.34;23.27;5.17;0.71;9.63;10.69;93.27;0.49;18.85
20220520;28.51;20.73;21.5;23.87;5.71;0.78;9.53;10.76;93.12;0.61;9.31
20220521;26.85;21.23;21.51;23.53;5.89;0.81;9.51;10.63;93.02;0.87;27.32
20220522;25.15;20.6;21.17;22.5;4.96;0.7;9.59;10.75;92.83;1.05;17.49
20220523;25.7;20.26;20.48;22.38;3.85;0.55;9.63;10.73;92.92;1.17;4.18
20220524;27.76;19.51;20.56;23.14;5.59;0.76;9.54;10.75;93.14;0.93;1.67
20220525;27.4;20.96;21.43;23.53;4.98;0.7;9.51;10.63;93.15;0.63;2.82
20220526;24.36;20.66;21.31;22.32;4.24;0.6;9.67;10.91;92.99;0.74;12.05
20220527;25.16;20.15;21.16;22.41;3.71;0.52;9.72;10.64;92.85;1.02;12.68
20220528;25.74;19.75;19.63;22.05;5.41;0.75;9.51;10.39;92.92;1.29;10.86
20220529;26.56;20.52;21.21;23.11;5.33;0.74;9.53;10.67;92.96;1.0;5.94
20220530;26.93;21.05;21.53;23.56;4.88;0.68;9.64;10.69;92.97;0.7;0.35
20220531;29.04;20.55;21.4;24.36;5.89;0.81;9.49;10.65;92.92;0.63;2.22
20220601;26.6;21.93;22.58;23.8;5.57;0.69;9.5;10.61;93.0;0.48;12.15
20220602;26.32;21.46;22.5;23.39;5.74;0.72;9.58;10.16;93.07;0.64;11.73
20220603;26.68;20.32;21.26;23.31;6.48;0.8;9.43;10.35;93.14;0.74;1.53
20220604;26.95;20.89;20.56;23.27;6.27;0.78;9.37;10.47;93.2;0.83;5.94
20220605;28.42;18.7;20.78;23.33;7.4;0.92;9.11;10.92;93.09;0.77;8.57
20220606;28.73;21.17;21.96;24.44;6.86;0.86;9.25;10.82;92.96;0.77;0.43
20220607;28.63;21.77;21.74;24.34;5.81;0.72;9.56;10.65;92.99;0.66;2.63
20220608;28.72;20.72;21.56;24.16;5.86;0.75;9.47;10.56;93.06;0.66;11.77
20220609;28.5;20.88;21.46;24.33;6.62;0.78;9.5;10.67;93.07;0.45;1.72
20220610;26.78;21.63;22.6;23.8;6.21;0.78;9.38;10.52;93.07;0.54;12.24
20220611;28.02;21.1;21.78;24.15;6.3;0.78;9.44;10.33;93.11;0.46;2.79
20220612;26.24;21.39;22.16;23.42;5.81;0.74;9.58;10.35;93.18;0.41;6.94
20220613;28.18;20.53;21.13;23.78;6.9;0.85;9.4;10.34;93.16;0.5;0.26
20220614;27.78;21.06;21.81;23.97;6.27;0.78;9.5;10.34;93.14;0.55;1.95
20220615;27.1;21.24;21.69;23.76;6.27;0.78;9.4;10.37;93.18;0.47;3.73
20220616;28.15;21.79;21.42;24.17;6.01;0.76;9.45;10.54;93.27;0.36;0.18
20220617;28.82;21.72;21.84;24.59;6.37;0.79;9.52;10.47;93.23;0.45;0.06
20220618;28.52;21.36;21.8;24.3;5.85;0.73;9.57;10.57;93.19;0.51;0.2
20220619;26.7;21.53;21.78;23.64;6.11;0.76;9.33;10.62;93.13;0.48;0.48
20220620;28.09;20.97;21.42;23.93;6.35;0.77;9.42;10.54;92.96;0.57;0.84
20220621;27.17;21.27;21.35;23.5;6.02;0.74;9.39;10.49;92.99;0.63;12.03
20220622;27.81;19.85;20.97;23.52;5.39;0.67;9.27;10.41;93.14;0.51;23.07
20220623;25.68;21.43;21.65;23.07;4.57;0.57;9.51;10.68;93.15;0.4;5.75
20220624;24.95;21.32;21.79;22.76;5.87;0.74;9.47;10.28;93.11;0.44;16.79
20220625;27.1;20.99;21.42;23.12;5.9;0.73;9.41;10.49;93.06;0.6;9.72
20220626;27.77;20.64;21.42;23.84;6.41;0.79;9.4;10.37;93.18;0.5;0.51
20220627;28.68;21.21;22.02;24.41;6.36;0.78;9.53;10.48;93.15;0.48;0.18
20220628;27.2;22.58;22.29;24.21;5.61;0.71;9.5;10.43;92.98;0.61;1.06
20220629;26.69;21.52;22.6;23.85;5.02;0.65;9.38;10.1;92.75;0.84;4.92
20220630;25.67;21.69;21.72;23.41;4.84;0.62;9.4;10.01;92.69;1.37;3.43
20220701;25.26;20.51;20.38;22.54;3.59;0.47;9.38;10.24;92.81;1.21;1.62
20220702;26.55;21.07;21.24;23.3;4.02;0.53;9.5;10.56;92.83;1.35;4.07
20220703;27.1;21.35;21.67;23.71;4.92;0.65;9.57;11.12;92.89;0.99;1.57
20220704;27.19;21.43;21.87;23.82;5.36;0.7;9.63;10.88;92.89;1.07;2.3
20220705;26.51;20.94;21.62;23.26;6.01;0.78;9.44;10.43;93.0;0.94;6.17
20220706;26.0;21.74;22.18;23.55;5.72;0.74;9.56;10.46;93.09;0.76;3.69
20220707;26.72;21.99;22.23;23.86;5.28;0.69;9.52;10.76;93.03;0.84;3.63
20220708;25.14;21.4;22.14;23.04;4.42;0.58;9.46;10.45;92.99;0.96;10.92
20220709;24.98;20.17;20.79;22.2;4.38;0.58;9.51;10.27;92.89;1.05;8.59
20220710;25.95;20.43;21.01;22.73;4.08;0.54;9.48;10.23;92.84;1.32;15.61
20220711;24.75;20.67;21.13;22.31;3.45;0.45;9.68;10.33;92.87;1.04;23.47
20220712;26.09;20.53;21.3;22.59;4.03;0.53;9.55;10.18;92.83;1.03;21.76
20220713;25.88;20.77;21.61;23.05;4.07;0.53;9.61;10.56;92.71;0.99;16.94
20220714;27.15;20.91;21.56;23.5;4.18;0.55;9.63;10.27;92.75;0.99;3.76
20220715;27.67;20.63;21.67;23.65;5.28;0.7;9.6;10.53;92.93;0.76;3.2
20220716;27.32;21.12;21.85;23.62;6.12;0.79;9.56;10.62;93.03;0.71;5.87
20220717;26.23;21.28;21.71;23.27;5.62;0.73;9.64;10.49;93.11;0.85;4.11
20220718;26.63;21.12;21.82;23.59;6.09;0.79;9.51;10.75;93.01;0.79;1.3
20220719;26.27;21.75;21.81;23.35;4.23;0.55;9.46;10.56;92.96;0.73;3.12
20220720;23.72;20.75;21.1;21.99;3.64;0.48;9.49;10.52;93.07;0.63;11.09
20220721;25.05;19.88;20.41;21.94;5.45;0.71;9.48;10.55;93.27;0.57;12.87
20220722;28.56;18.69;20.56;23.16;5.62;0.73;9.36;10.71;93.27;0.41;0.67
20220723;29.01;19.33;20.69;23.88;6.09;0.79;9.39;10.47;93.18;0.49;0.12
20220724;29.41;19.61;20.56;24.2;6.89;0.88;9.28;10.57;93.06;0.51;0.27
20220725;28.84;20.34;21.52;24.23;6.55;0.82;9.44;10.64;93.1;0.58;1.27
20220726;27.26;21.37;21.82;23.74;5.49;0.72;9.46;10.5;93.1;0.48;13.1
20220727;28.05;20.95;21.01;23.88;4.53;0.59;9.47;10.39;93.08;0.52;2.17
20220728;27.96;21.18;21.3;24.08;5.91;0.76;9.59;10.39;93.07;0.39;0.4
20220729;28.14;21.3;21.89;24.06;5.9;0.76;9.67;10.56;93.0;0.68;4.32
20220730;26.51;21.79;22.2;23.55;4.66;0.61;9.67;10.67;92.97;0.79;16.07
20220731;25.28;21.21;22.02;22.92;4.44;0.56;9.64;10.59;92.93;0.87;60.28
20220801;27.17;20.35;21.24;23.0;5.26;0.7;9.53;10.48;92.99;0.73;27.28
20220802;26.99;19.76;20.99;22.98;5.93;0.8;9.47;10.65;93.06;0.59;3.52
20220803;26.47;21.0;21.87;23.15;4.77;0.64;9.48;10.55;93.14;0.66;17.76
20220804;26.88;21.04;21.86;23.58;5.12;0.68;9.5;10.5;93.1;0.52;16.12
20220805;25.42;20.96;21.35;22.8;5.61;0.75;9.51;10.4;93.03;0.89;9.93
20220806;24.6;20.7;21.19;22.23;5.01;0.67;9.46;10.62;92.96;0.87;20.48
20220807;25.09;20.37;21.21;22.25;3.33;0.44;9.4;10.61;92.86;1.27;20.08
20220808;23.51;19.53;19.77;21.26;3.21;0.44;9.34;10.46;92.87;1.76;27.53
20220809;23.88;18.17;18.77;20.75;4.18;0.57;9.36;10.44;92.87;1.72;8.04
20220810;25.71;18.81;20.33;22.15;4.69;0.65;9.58;10.55;92.88;1.38;11.89
20220811;25.21;20.18;20.61;22.3;4.2;0.58;9.45;10.52;93.04;1.16;11.43
20220812;27.71;19.32;20.32;23.09;6.38;0.87;9.23;10.49;93.15;0.78;0.43
20220813;27.55;20.43;21.24;23.46;6.39;0.86;9.5;10.59;93.12;0.64;1.06
20220814;26.74;20.56;21.91;23.33;5.32;0.72;9.73;10.41;93.11;0.57;11.55
20220815;25.92;21.64;22.09;23.34;2.36;0.32;9.58;10.7;93.06;0.54;12.53
20220816;26.7;20.44;20.83;22.96;5.99;0.83;9.44;10.51;93.07;0.94;6.45
20220817;26.47;20.27;21.38;23.09;5.7;0.79;9.4;10.54;93.1;0.88;3.42
20220818;27.09;20.17;21.05;23.19;6.35;0.86;9.51;10.43;93.04;0.93;2.56
20220819;25.79;21.06;21.73;22.97;4.89;0.67;9.55;10.55;92.97;0.85;13.25
20220820;25.55;20.72;21.55;22.8;5.07;0.7;9.45;10.34;92.95;0.86;20.46
20220821;27.37;20.29;21.32;23.26;5.56;0.77;9.46;10.63;93.0;0.78;3.91
20220822;27.89;20.24;21.3;23.59;6.69;0.9;9.51;10.83;93.08;0.8;4.15
20220823;25.56;21.38;21.87;23.03;5.53;0.76;9.5;10.74;93.11;0.6;9.93
20220824;26.07;21.31;21.99;23.23;6.77;0.91;9.32;9.99;92.98;0.62;10.9
20220825;26.26;20.89;21.03;22.84;4.57;0.6;9.38;10.31;93.0;0.89;3.26
20220826;26.45;20.7;21.14;23.04;5.13;0.68;9.43;10.75;93.21;0.66;1.51
20220827;27.35;19.56;20.88;23.34;6.45;0.83;9.52;10.55;93.21;0.53;3.11
20220828;28.5;20.22;21.22;23.67;3.86;0.5;9.57;10.29;93.06;0.45;2.14
20220829;26.71;20.21;21.44;23.06;5.77;0.76;9.46;10.48;93.15;0.69;4.59
20220830;28.9;20.15;20.98;23.93;6.79;0.89;9.42;10.74;93.17;0.53;0.25
20220831;28.24;21.38;21.82;24.12;6.13;0.82;9.6;10.37;93.03;0.53;0.54
20220901;29.21;21.32;22.36;24.79;6.34;0.79;9.62;10.44;93.07;0.51;0.25
20220902;27.62;22.05;22.71;24.31;5.84;0.72;9.59;10.61;93.07;0.57;5.77
20220903;26.09;22.04;22.46;23.49;6.22;0.77;9.42;10.65;93.07;0.6;12.82
20220904;26.66;21.59;21.51;23.33;5.94;0.74;9.52;10.82;93.17;0.92;2.73
20220905;25.46;20.94;21.16;22.74;5.16;0.65;9.51;10.48;93.17;0.81;7.95
20220906;24.69;20.39;20.65;22.14;2.99;0.37;9.42;10.49;93.11;0.76;12.47
20220907;24.63;20.2;20.87;21.93;3.44;0.42;9.42;10.48;93.16;0.65;14.21
20220908;25.64;19.69;20.35;22.32;4.89;0.6;9.53;10.44;93.31;0.72;5.34
20220909;28.65;20.06;21.34;23.63;6.06;0.76;9.55;10.15;93.34;0.45;1.11
20220910;26.73;21.2;21.43;23.38;6.08;0.77;9.36;10.16;93.31;0.79;1.03
20220911;27.82;19.93;21.14;23.3;5.38;0.67;9.49;10.52;93.21;0.73;5.04
20220912;26.23;20.48;21.04;22.75;5.42;0.67;9.53;10.46;93.17;0.55;5.05
20220913;27.39;19.45;20.98;23.16;5.93;0.74;9.42;10.44;93.22;0.59;1.38
20220914;26.17;20.7;21.32;22.8;6.19;0.77;9.5;10.7;93.34;0.74;11.13
20220915;25.68;19.5;20.55;22.19;4.73;0.59;9.47;10.61;93.27;0.92;31.79
20220916;26.26;19.38;20.92;22.57;4.55;0.56;9.58;10.57;93.04;0.87;7.64
20220917;24.75;21.25;21.49;22.64;4.96;0.57;9.53;10.56;93.09;0.84;10.96
20220918;26.33;20.25;20.16;22.38;4.98;0.58;9.39;10.45;93.17;0.83;2.72
20220919;27.67;20.12;20.94;23.27;5.77;0.7;9.44;10.64;93.1;0.9;1.11
20220920;26.22;20.54;21.04;22.8;5.28;0.63;9.56;10.58;93.06;0.72;3.45
20220921;25.73;20.07;20.93;22.54;4.38;0.51;9.37;10.62;93.06;0.54;2.85
20220922;24.78;21.14;21.35;22.56;4.28;0.51;9.59;10.72;93.08;0.67;5.62
20220923;27.61;20.41;21.01;23.16;4.83;0.57;9.44;10.44;93.12;0.58;0.37
20220924;26.3;20.52;21.38;22.95;5.08;0.59;9.53;10.6;93.06;0.5;2.57
20220925;24.73;20.79;21.47;22.31;3.29;0.4;9.41;10.77;93.08;0.67;31.24
20220926;24.75;19.84;20.32;21.64;3.75;0.46;9.34;10.77;93.08;0.91;6.46
20220927;24.99;19.29;20.48;21.74;3.05;0.37;9.34;10.52;92.74;1.18;11.74
20220928;24.37;20.64;20.75;22.05;4.03;0.49;9.3;10.43;92.64;1.59;8.77
20220929;26.61;20.45;21.06;22.88;3.17;0.39;9.53;10.46;92.9;1.11;3.87
20220930;26.05;20.66;21.38;22.79;4.6;0.57;9.56;10.55;93.12;0.71;10.03
20221001;26.21;20.65;21.54;22.83;3.67;0.49;9.54;10.62;93.2;0.46;3.41
20221002;25.97;20.95;21.34;22.95;5.22;0.69;9.51;10.64;93.13;0.47;5.34
20221003;27.06;20.4;20.8;22.98;5.5;0.72;9.46;10.61;93.14;0.83;7.17
20221004;24.86;18.79;19.87;21.65;2.07;0.27;9.47;10.34;93.31;0.77;8.5
20221005;26.81;18.2;19.92;22.07;4.86;0.64;9.48;10.5;93.31;0.89;1.92
20221006;25.94;18.03;19.58;21.75;4.84;0.65;9.43;10.61;93.35;0.66;4.37
20221007;27.14;18.1;19.45;22.17;5.57;0.74;9.41;10.4;93.29;0.66;1.08
20221008;25.66;19.55;20.24;21.98;2.05;0.27;9.54;10.48;93.32;0.73;13.82
20221009;26.55;18.41;20.18;22.25;5.41;0.71;9.39;10.6;93.4;0.52;4.59
20221010;26.43;18.1;19.7;21.99;3.23;0.43;9.47;10.97;93.41;0.59;17.48
20221011;24.97;19.16;20.8;21.95;2.65;0.35;9.5;10.73;93.33;0.48;11.33
20221012;28.26;20.25;20.89;23.43;4.0;0.53;9.46;10.3;93.21;0.6;8.01
20221013;26.4;18.06;19.75;21.99;2.79;0.37;9.19;10.22;93.04;0.51;1.74
20221014;25.84;18.66;19.75;21.57;2.97;0.4;9.34;10.33;92.81;0.99;13.19
20221015;27.81;16.87;19.26;22.23;5.98;0.77;9.2;10.4;92.88;0.59;0.16
20221016;28.31;19.66;21.24;23.32;5.2;0.69;9.55;10.21;93.12;0.51;5.53
20221017;24.67;20.67;20.82;22.43;3.64;0.47;9.74;10.63;93.2;0.32;10.77
20221018;28.0;18.93;20.36;22.87;5.01;0.65;9.63;10.59;93.14;0.38;7.3
20221019;27.47;20.15;20.97;22.77;3.27;0.42;9.74;10.39;93.16;0.73;5.98
20221020;27.36;19.33;20.47;22.67;3.25;0.42;9.61;10.23;93.34;0.82;1.06
20221021;27.71;19.42;20.46;23.13;5.89;0.76;9.29;10.47;93.41;0.49;0.29
20221022;26.61;18.87;20.03;22.48;4.56;0.62;9.33;10.29;93.43;0.44;0.54
20221023;26.98;19.08;20.6;22.69;5.06;0.68;9.47;10.21;93.38;0.34;1.37
20221024;27.01;19.98;20.75;23.16;5.67;0.75;9.41;10.29;93.23;0.44;2.51
20221025;24.58;20.23;21.19;22.22;4.57;0.62;9.52;10.42;93.24;0.5;1.43
20221026;26.81;19.16;20.23;22.46;4.8;0.65;9.42;10.57;93.23;0.65;2.55
20221027;24.79;20.24;21.32;22.21;3.05;0.42;9.44;10.76;93.2;0.53;27.03
20221028;27.86;18.93;19.8;22.5;5.05;0.68;9.36;10.56;93.09;0.77;0.9
20221029;28.08;18.01;19.83;22.44;2.69;0.36;9.54;10.45;93.01;0.72;0.5
20221030;27.43;18.75;20.06;22.67;4.76;0.65;9.33;10.32;92.99;0.6;0.02
20221031;28.09;17.07;19.13;22.01;5.52;0.73;8.97;10.01;93.08;0.44;0.0
20221101;27.48;18.21;19.52;22.18;4.84;0.66;9.26;10.35;93.19;0.49;0.09
20221102;24.84;19.04;19.55;21.26;4.68;0.63;9.42;10.01;93.23;0.54;0.19
20221103;25.16;18.22;19.46;21.32;2.96;0.39;9.64;10.22;93.33;0.58;0.36
20221104;26.5;19.03;20.01;21.87;4.05;0.53;9.49;10.31;93.46;0.82;1.34
20221105;24.82;18.41;19.09;21.32;5.62;0.74;9.16;10.22;93.57;0.44;0.36
20221106;27.42;17.03;18.26;21.77;5.53;0.73;9.12;10.3;93.48;0.4;0.08
20221107;27.54;17.08;18.24;22.11;5.24;0.7;9.03;10.41;93.41;0.38;0.0
20221108;26.85;17.24;18.97;22.0;5.5;0.73;9.1;10.59;93.36;0.44;0.0
20221109;25.53;19.66;19.93;22.19;5.66;0.74;9.24;10.23;93.37;0.61;0.07
20221110;27.38;18.43;19.42;22.48;5.04;0.67;9.28;10.39;93.33;0.68;0.31
20221111;25.87;18.96;19.23;21.69;4.98;0.67;9.35;10.26;93.32;0.81;0.39
20221112;25.89;19.1;20.75;22.05;1.42;0.19;9.67;10.51;93.21;0.61;5.81
20221113;24.81;20.01;20.89;21.94;3.72;0.5;9.32;10.31;93.28;0.9;6.01
20221114;24.87;19.29;19.84;21.39;5.68;0.74;9.23;10.31;93.29;0.76;1.92
20221115;26.72;19.2;20.26;22.34;4.49;0.61;9.34;10.38;93.25;0.69;0.92
20221116;28.55;18.74;20.3;23.0;5.4;0.71;9.21;10.73;93.17;0.4;0.74
20221117;26.87;19.51;20.15;22.52;5.13;0.68;9.42;10.56;93.15;0.74;0.54
20221118;25.2;19.19;20.34;21.81;4.15;0.56;9.39;10.54;93.18;0.63;0.69
20221119;24.24;19.25;20.06;21.39;1.87;0.25;9.46;10.54;93.03;0.83;19.47
20221120;24.08;19.32;20.84;21.67;1.5;0.2;9.43;10.47;92.83;0.73;14.59
20221121;24.75;20.13;20.88;21.88;0.56;0.07;9.48;10.51;92.87;0.81;10.09
20221122;24.78;20.02;21.15;21.99;1.16;0.15;9.51;10.37;93.0;1.01;37.19
20221123;26.22;19.51;20.48;22.1;3.57;0.47;9.52;10.45;93.19;0.67;4.58
20221124;23.67;19.12;20.02;21.13;3.83;0.51;9.49;10.24;93.34;0.78;4.67
20221125;26.0;17.99;19.83;21.65;4.83;0.64;9.4;10.22;93.39;0.65;1.41
20221126;24.77;18.6;20.08;21.46;3.93;0.52;9.32;10.33;93.31;0.67;6.34
20221127;26.44;18.9;20.41;22.09;4.98;0.66;9.28;10.34;93.23;0.65;1.22
20221128;27.16;19.07;20.43;22.49;5.59;0.74;9.06;10.65;93.27;0.6;0.22
20221129;27.78;18.08;19.67;22.29;5.86;0.77;8.85;10.61;93.28;0.49;0.6
20221130;26.74;18.44;20.02;22.12;5.09;0.68;9.18;10.59;93.29;0.67;0.36
20221201;26.25;19.92;19.73;22.31;5.23;0.7;9.14;10.33;93.24;1.06;0.59
20221202;23.03;19.67;19.2;20.93;2.59;0.34;9.34;10.33;93.17;1.32;23.67
20221203;24.95;18.64;18.95;21.15;3.63;0.48;9.39;10.51;93.22;1.21;8.93
20221204;23.86;17.58;18.97;20.34;3.66;0.49;9.34;10.46;93.3;1.1;31.24
20221205;24.98;18.12;19.25;20.85;4.56;0.6;9.37;10.39;93.31;0.82;3.75
20221206;25.56;17.99;19.54;21.23;4.31;0.57;9.39;10.22;93.21;0.94;7.01
20221207;24.43;19.83;21.11;21.86;2.94;0.38;9.51;10.18;93.17;0.81;16.72
20221208;26.95;18.89;20.55;22.37;5.62;0.73;9.14;10.25;93.2;0.81;5.7
20221209;27.07;18.29;19.93;22.03;4.01;0.53;9.2;10.31;93.14;0.75;2.91
20221210;25.12;17.09;18.39;20.71;5.28;0.69;8.83;10.29;93.2;0.59;0.46
20221211;25.95;17.32;18.74;20.96;5.05;0.66;8.95;10.29;93.28;0.42;11.09
20221212;25.43;15.9;17.7;20.08;4.96;0.65;8.59;10.19;93.35;0.52;9.15
20221213;24.82;13.73;15.62;18.93;5.49;0.72;8.3;10.04;93.33;0.61;0.11
20221214;25.35;14.44;16.42;19.47;4.58;0.61;8.82;9.91;93.37;0.71;0.51
20221215;26.36;15.18;18.04;20.65;5.36;0.68;9.0;10.17;93.19;0.51;0.52
20221216;27.05;17.53;19.26;21.62;3.71;0.49;9.15;10.02;93.2;0.5;2.26
20221217;23.93;18.75;18.46;21.12;3.37;0.45;9.19;10.32;93.33;1.36;0.47
20221218;23.37;16.33;15.39;19.55;4.28;0.57;8.97;9.97;93.28;1.82;0.1
20221219;25.01;16.0;16.12;19.64;5.17;0.68;8.74;9.99;93.18;1.1;0.02
20221220;27.03;16.12;18.14;21.16;5.24;0.68;8.87;10.37;93.11;0.74;0.02
20221221;26.63;17.05;18.51;21.38;5.16;0.68;8.94;10.2;93.12;0.7;0.02
20221222;25.69;16.22;17.45;20.18;5.3;0.7;8.57;10.07;93.12;0.59;0.02
20221223;23.37;13.14;14.36;17.84;5.59;0.73;7.98;9.82;93.29;0.69;0.01
20221224;22.52;12.16;13.92;17.11;5.09;0.66;8.14;10.11;93.39;0.86;0.02
20221225;23.51;12.95;14.08;17.71;4.75;0.63;8.27;9.78;93.51;0.69;0.01
20221226;22.51;13.89;14.37;17.35;4.91;0.65;8.24;9.76;93.62;0.61;0.01
20221227;24.2;13.0;15.41;18.49;5.11;0.67;8.46;9.95;93.59;0.48;0.01
20221228;25.35;14.01;16.21;19.65;5.3;0.7;8.41;10.07;93.6;0.36;0.01
20221229;25.68;15.65;17.18;20.45;5.36;0.69;8.91;10.25;93.62;0.52;0.06
20221230;25.07;16.48;16.73;19.88;3.9;0.52;8.97;10.36;93.63;0.78;0.02
20221231;21.62;16.58;15.66;18.66;3.53;0.47;8.9;10.58;93.56;0.81;0.02
20230101;24.58;16.51;16.96;20.07;3.7;0.49;9.25;10.26;93.5;0.78;0.06
20230102;25.82;17.33;18.29;21.21;3.75;0.5;9.23;10.22;93.54;0.73;0.17
20230103;24.53;17.91;17.89;20.73;4.48;0.6;9.14;10.02;93.52;0.84;0.29
20230104;25.09;18.34;18.19;20.85;2.55;0.34;9.2;9.77;93.43;0.84;0.86
20230105;22.87;18.7;18.27;20.37;1.86;0.24;9.14;9.69;93.37;1.16;2.3
20230106;22.55;18.13;17.62;20.13;2.51;0.33;9.27;9.85;93.32;1.38;8.86
20230107;24.45;17.8;17.51;19.99;1.5;0.2;9.34;9.95;93.26;1.06;2.33
20230108;24.85;17.29;18.22;20.44;3.46;0.46;9.31;9.94;93.34;0.8;2.69
20230109;24.62;18.46;19.56;20.72;2.49;0.33;9.47;10.4;93.48;0.86;12.11
20230110;24.58;18.41;19.38;20.86;2.69;0.36;9.44;10.29;93.43;0.97;3.56
20230111;26.47;17.05;18.79;21.26;4.12;0.56;9.23;9.86;93.34;0.58;0.72
20230112;26.39;18.02;19.46;21.74;4.43;0.59;9.34;10.16;93.32;0.49;0.8
20230113;27.57;19.41;20.56;22.73;4.56;0.61;9.47;10.26;93.33;0.45;0.48
20230114;27.89;20.01;21.16;23.15;5.03;0.67;9.35;10.14;93.18;0.43;1.61
20230115;27.62;18.58;19.63;22.62;5.61;0.75;8.86;10.31;93.15;0.52;0.09
20230116;25.98;15.42;15.61;20.26;6.03;0.74;8.38;10.32;93.37;0.58;0.01
20230117;25.95;15.14;16.71;20.18;4.8;0.64;8.76;10.32;93.48;0.7;0.02
20230118;25.56;16.23;16.53;20.32;4.92;0.65;8.87;10.07;93.5;0.78;0.01
20230119;24.18;16.35;16.38;19.7;5.09;0.67;8.82;9.99;93.44;0.85;0.01
20230120;26.75;16.64;17.39;20.97;4.61;0.62;9.11;10.09;93.39;0.74;0.02
20230121;26.75;16.76;18.1;21.42;4.65;0.63;9.09;10.28;93.3;0.74;0.06
20230122;27.09;18.68;19.39;22.1;5.07;0.67;9.13;10.13;93.22;0.67;0.06
20230123;27.35;18.39;19.24;21.92;4.98;0.67;9.28;10.18;93.2;0.67;0.11
20230124;26.47;17.84;18.18;21.41;5.12;0.68;8.96;10.09;93.28;1.25;0.69
20230125;23.78;16.44;15.42;19.51;5.13;0.69;8.75;9.87;93.26;1.21;0.3
20230126;26.62;15.83;17.02;20.71;4.53;0.6;9.03;10.14;93.23;0.73;0.02
20230127;25.81;17.35;17.54;20.84;4.38;0.59;9.11;9.96;93.27;0.79;0.2
20230128;24.07;16.36;15.19;19.59;4.55;0.61;8.83;10.05;93.23;1.35;0.18
20230129;21.94;15.32;14.38;18.2;4.34;0.58;9.0;9.91;93.32;1.24;0.05
20230130;25.59;14.11;15.05;19.2;5.84;0.76;8.61;9.96;93.36;0.9;0.01
20230131;27.57;14.64;17.16;20.88;5.66;0.74;9.01;10.26;93.27;0.48;0.0
20230201;26.91;18.2;19.2;21.87;3.61;0.48;9.67;10.27;93.21;0.46;0.06
20230202;27.85;18.77;19.89;22.62;3.65;0.49;9.56;10.3;93.29;0.9;0.14
20230203;27.28;18.69;18.97;22.25;5.42;0.73;9.17;10.5;93.3;0.98;0.02
20230204;27.5;17.44;18.09;21.6;5.28;0.71;8.96;10.63;93.26;0.84;0.03
20230205;28.1;15.94;17.79;21.38;6.06;0.8;8.65;10.22;93.25;0.66;0.0
20230206;28.33;15.93;18.05;21.69;5.69;0.77;8.91;10.28;93.25;0.57;0.0
20230207;28.3;17.19;18.67;22.16;5.95;0.79;8.98;10.33;93.28;0.66;0.0
20230208;28.45;17.58;19.07;22.44;5.07;0.68;9.28;10.29;93.27;0.63;0.0
20230209;28.01;18.24;18.89;22.21;5.86;0.79;8.95;10.55;93.27;0.76;0.0
20230210;28.23;15.26;16.95;21.4;6.51;0.83;8.63;10.46;93.32;0.6;0.0
20230211;28.08;14.98;16.25;21.33;6.32;0.81;8.81;10.31;93.31;0.51;0.0
20230212;28.88;16.41;17.95;22.16;5.89;0.79;9.19;10.4;93.35;0.62;0.0
20230213;28.21;17.26;17.64;22.04;6.01;0.81;8.95;10.35;93.38;0.55;0.0
20230214;28.68;16.42;17.94;21.99;5.83;0.76;9.06;10.33;93.32;0.56;0.01
20230215;26.08;16.62;17.02;20.77;5.46;0.73;8.93;10.41;93.4;1.14;0.2
20230216;25.85;17.26;16.44;20.62;6.14;0.81;8.73;10.4;93.46;1.32;0.4
20230217;27.73;17.39;18.03;21.75;5.13;0.69;9.23;10.04;93.42;0.87;0.44
20230218;28.01;17.05;18.23;22.11;4.03;0.54;9.53;9.96;93.37;0.54;0.11
20230219;28.25;16.77;17.76;22.04;5.17;0.69;9.36;10.37;93.36;0.51;0.06
20230220;27.67;16.58;16.64;21.26;5.8;0.76;8.91;10.3;93.34;0.7;0.03
20230221;27.8;14.76;16.26;20.78;6.06;0.76;8.84;10.32;93.45;0.64;0.07
20230222;27.34;16.62;16.9;21.22;5.98;0.79;8.89;10.14;93.44;0.71;0.17
20230223;28.21;16.3;16.69;21.56;6.61;0.85;8.77;10.36;93.36;0.54;0.12
20230224;27.71;14.62;14.92;20.26;6.83;0.86;8.5;10.39;93.4;0.68;0.0
20230225;26.43;13.96;14.39;19.35;6.62;0.87;8.25;10.3;93.6;1.17;0.06
20230226;25.72;16.08;14.85;19.89;6.29;0.82;8.66;10.17;93.67;1.37;0.13
20230227;27.46;16.97;17.0;21.33;5.49;0.73;8.99;10.04;93.65;1.26;0.41
20230228;27.69;17.66;17.68;21.86;5.45;0.72;9.28;10.37;93.6;1.09;0.4
20230301;25.94;17.37;16.72;20.95;4.98;0.69;9.26;10.15;93.63;0.92;0.06
20230302;27.62;16.21;15.21;20.59;5.38;0.75;8.85;10.1;93.63;1.09;0.04
20230303;28.53;15.24;15.49;20.93;6.67;0.9;8.5;10.35;93.7;0.86;0.01
20230304;26.29;15.02;14.53;19.68;5.83;0.8;8.45;10.18;93.76;1.07;0.01
20230305;26.72;14.03;14.22;19.5;6.88;0.91;8.11;10.37;93.69;0.99;0.01
20230306;27.17;14.12;14.62;19.96;7.09;0.95;8.08;10.39;93.62;0.75;0.01
20230307;28.37;14.05;14.86;20.67;7.04;0.92;8.33;10.5;93.57;0.49;0.01
20230308;29.39;13.8;14.37;20.99;7.12;0.94;8.32;10.51;93.55;0.47;0.0
20230309;28.33;12.59;14.31;19.96;7.19;0.94;7.92;10.61;93.48;0.78;0.0
20230310;28.72;13.36;14.31;20.55;7.02;0.92;8.21;10.59;93.42;0.51;0.0
20230311;28.99;13.45;14.4;20.72;6.8;0.88;8.43;10.58;93.47;0.46;0.0
20230312;28.24;12.43;14.53;20.07;6.94;0.91;8.34;10.66;93.47;0.68;0.02
20230313;27.71;15.96;15.68;20.62;6.03;0.82;8.7;10.49;93.43;0.95;0.09
20230314;28.85;14.86;15.11;20.96;7.12;0.93;8.39;10.65;93.28;0.7;0.02
20230315;29.64;13.99;15.52;21.38;7.39;0.98;8.34;10.58;93.37;0.65;0.02
20230316;30.21;15.26;16.47;22.06;7.06;0.96;8.69;10.6;93.45;0.69;0.05
20230317;31.34;16.37;16.55;23.08;7.1;0.94;8.85;10.67;93.38;0.51;0.01
20230318;31.1;16.42;17.2;23.12;7.04;0.93;8.97;10.8;93.32;0.47;0.0
20230319;32.02;16.79;17.83;23.78;7.11;0.96;9.01;10.94;93.24;0.61;0.0
20230320;31.8;17.31;17.72;23.94;6.68;0.9;9.22;10.78;93.19;0.54;0.0
20230321;32.86;17.93;17.73;24.62;7.01;0.92;9.12;10.96;93.2;0.49;0.0
20230322;32.77;19.4;18.66;25.03;6.63;0.89;9.25;10.71;93.1;0.61;0.0
20230323;32.21;19.7;19.87;24.84;6.15;0.84;9.32;10.68;93.14;0.53;0.0
20230324;32.95;20.37;19.81;25.23;6.02;0.82;9.51;10.47;93.17;0.42;0.0
20230325;32.21;19.28;18.31;24.38;6.72;0.91;8.96;10.85;93.27;0.69;0.0
20230326;32.74;18.83;18.06;24.67;6.95;0.92;8.76;10.84;93.21;0.62;0.0
20230327;32.49;19.74;19.02;25.05;6.95;0.91;9.22;10.82;93.26;0.76;0.0
20230328;31.77;19.53;18.88;24.59;5.68;0.79;9.54;10.75;93.36;0.98;0.01
20230329;32.72;17.56;17.23;24.71;6.32;0.86;9.31;10.7;93.3;0.57;0.01
20230330;32.44;18.2;18.3;24.7;5.88;0.8;9.44;10.6;93.21;0.46;0.01
20230331;32.08;19.1;18.89;24.71;5.97;0.81;9.37;10.7;93.23;0.51;0.06
20230401;32.61;19.05;18.97;24.9;5.98;0.78;9.23;10.74;93.23;0.8;0.0
20230402;32.49;18.12;18.27;24.81;6.87;0.89;9.26;10.71;93.19;0.71;0.01
20230403;32.12;20.68;19.37;25.16;5.87;0.77;9.56;10.71;93.18;0.57;0.01
20230404;32.66;20.01;19.58;25.55;6.93;0.88;9.34;10.92;93.14;0.72;0.06
20230405;29.87;21.9;21.17;25.0;5.71;0.75;9.58;10.8;93.18;0.61;0.2
20230406;32.89;20.83;19.66;25.67;6.78;0.88;9.22;10.9;93.24;0.69;0.0
20230407;32.18;19.91;18.51;24.91;7.1;0.92;9.27;10.93;93.4;0.92;0.0
20230408;32.16;18.81;17.74;24.65;6.47;0.79;9.2;10.96;93.53;0.9;0.0
20230409;32.87;18.49;18.35;25.1;4.48;0.58;9.58;10.63;93.43;0.71;0.0
20230410;33.66;19.81;19.24;26.03;5.42;0.7;9.57;10.57;93.28;0.44;0.0
20230411;33.26;20.21;19.43;25.79;4.58;0.6;9.82;10.56;93.25;0.48;0.01
20230412;32.37;21.23;20.32;25.83;5.17;0.67;9.7;10.83;93.2;0.64;0.01
20230413;33.62;21.1;20.41;26.39;5.58;0.73;9.75;10.93;93.2;0.48;0.3
20230414;33.44;21.79;21.48;26.52;4.68;0.61;9.85;10.67;93.15;0.48;0.87
20230415;32.96;22.44;21.9;26.28;3.69;0.49;10.04;10.99;93.08;0.48;0.2
20230416;32.8;22.06;20.78;26.09;3.82;0.5;9.72;10.9;93.12;0.74;0.27
20230417;32.71;21.11;19.78;25.83;4.56;0.6;9.61;10.8;93.27;0.84;0.01
20230418;32.05;21.81;20.62;25.88;5.93;0.77;9.4;10.78;93.31;0.71;0.0
20230419;32.74;21.37;20.18;26.05;6.37;0.79;9.28;10.82;93.05;0.51;0.02
20230420;31.5;21.04;20.82;25.65;5.97;0.77;9.48;10.86;92.91;0.67;0.05
20230421;31.61;21.87;21.49;26.02;6.05;0.78;9.56;10.94;92.95;0.57;0.33
20230422;30.22;22.83;22.32;25.77;6.28;0.81;9.38;10.76;93.05;0.5;1.1
20230423;33.47;20.89;19.18;26.28;7.43;0.95;8.92;10.89;93.21;0.75;0.06
20230424;34.48;19.73;17.63;26.43;6.95;0.9;9.15;11.03;93.26;0.66;0.01
20230425;34.43;19.51;17.93;26.42;6.99;0.9;9.17;10.82;93.15;0.76;0.02
20230426;35.13;18.72;17.6;26.66;6.09;0.79;9.43;10.76;93.08;0.6;0.01
20230427;30.19;21.45;19.91;25.31;6.3;0.82;9.47;10.62;93.17;0.79;0.21
20230428;34.36;19.93;18.86;26.5;6.32;0.83;9.58;10.58;93.17;0.7;0.14
20230429;34.61;19.68;18.38;26.66;6.52;0.86;9.53;10.58;93.11;0.68;0.02
20230430;33.57;20.92;19.41;26.35;6.04;0.8;9.44;10.74;93.1;0.86;0.03
20230501;34.76;21.42;18.37;27.02;7.18;0.95;9.24;11.16;93.14;0.92;0.01
20230502;33.86;20.9;18.11;26.79;6.88;0.91;9.34;10.96;93.23;0.89;0.04
20230503;35.1;21.28;19.53;27.3;6.25;0.84;9.71;10.77;93.27;0.61;0.38
20230504;35.45;21.62;19.18;27.48;7.32;0.95;9.57;11.05;93.11;0.61;0.08
20230505;34.83;22.75;20.43;27.94;6.33;0.84;9.74;10.89;92.87;0.53;0.06
20230506;34.16;23.2;21.54;27.67;5.83;0.77;9.84;10.8;92.81;0.59;1.05
20230507;30.19;22.97;22.03;25.59;5.57;0.75;9.72;10.51;92.89;0.8;2.77
20230508;32.29;22.0;21.91;25.68;2.8;0.38;9.73;10.8;92.98;0.53;10.35
20230509;27.57;21.93;22.11;24.12;4.7;0.64;9.77;10.93;93.08;0.53;9.12
20230510;30.55;20.8;20.69;24.61;5.96;0.8;9.61;10.54;93.19;0.67;1.85
20230511;31.13;20.8;21.2;25.17;5.74;0.78;9.66;10.7;93.3;0.56;20.64
20230512;26.76;21.75;21.86;23.71;6.49;0.87;9.63;10.61;93.37;0.56;14.62
20230513;30.32;20.24;20.59;24.76;6.72;0.9;9.61;10.57;93.33;0.52;5.19
20230514;28.21;21.73;21.95;24.42;6.43;0.86;9.59;10.49;93.31;0.67;3.86
20230515;31.13;21.33;21.67;25.18;7.08;0.93;9.54;10.65;93.33;0.55;7.59
20230516;29.09;22.52;22.73;24.88;5.64;0.75;9.78;10.67;93.34;0.61;7.87
20230517;27.5;21.98;22.31;24.22;5.52;0.73;9.67;10.57;93.36;0.6;2.37
20230518;28.06;21.78;22.28;24.39;5.98;0.77;9.62;10.72;93.27;0.64;2.03
20230519;28.16;21.53;22.1;24.41;6.27;0.83;9.62;10.45;93.15;0.6;0.61
20230520;26.67;22.25;22.56;24.04;4.1;0.55;9.71;10.64;93.2;0.62;13.81
20230521;28.19;21.81;21.99;24.22;5.99;0.79;9.57;10.73;93.3;0.64;2.74
20230522;29.25;21.31;21.33;24.7;6.84;0.89;9.49;10.81;93.32;0.71;0.64
20230523;28.53;21.31;20.88;24.39;6.83;0.91;9.46;10.89;93.27;0.67;0.7
20230524;28.5;21.69;21.5;24.49;6.32;0.84;9.5;10.86;93.27;0.7;2.4
20230525;26.08;21.57;21.92;23.55;3.8;0.52;9.6;10.42;93.3;0.68;12.94
20230526;28.44;21.06;21.28;23.94;5.52;0.73;9.56;10.76;93.25;0.66;3.48
20230527;26.28;21.09;21.63;23.27;4.49;0.6;9.68;10.51;93.07;0.71;17.98
20230528;26.35;20.34;21.04;22.78;5.3;0.71;9.76;10.73;93.0;0.52;6.91
20230529;27.55;20.28;21.43;23.51;5.68;0.76;9.65;10.54;93.08;0.75;9.0
20230530;29.15;20.52;21.15;24.27;6.46;0.86;9.58;10.64;93.07;0.9;2.36
20230531;28.12;21.69;22.14;24.29;5.93;0.79;9.68;10.56;93.0;1.07;7.79
20230601;26.97;21.41;21.86;23.58;6.0;0.75;9.63;10.66;92.99;1.17;15.2
20230602;27.41;21.47;22.38;24.03;5.65;0.71;9.67;10.76;93.07;0.94;9.63
20230603;27.37;22.2;22.68;24.25;5.08;0.63;9.7;10.78;93.14;0.76;9.79
20230604;27.13;22.14;22.45;24.0;4.6;0.58;9.58;10.83;93.07;0.96;26.28
20230605;27.49;21.28;22.2;23.82;4.95;0.59;9.64;10.46;92.98;0.86;11.28
20230606;25.11;20.98;21.51;22.74;4.36;0.51;9.53;10.25;93.01;1.04;13.2
20230607;25.39;21.04;21.88;22.99;4.11;0.48;9.62;10.31;93.12;0.94;2.94
20230608;26.99;20.85;21.2;23.48;4.97;0.58;9.67;10.43;93.13;0.89;0.64
20230609;26.1;21.57;21.74;23.29;4.89;0.57;9.79;10.45;93.01;1.1;5.37
20230610;26.98;21.07;21.89;23.48;5.32;0.63;9.63;10.65;92.91;1.24;21.38
20230611;26.01;20.65;21.22;23.04;4.73;0.55;9.75;10.72;92.97;1.31;2.36
20230612;26.87;21.41;21.56;23.56;4.5;0.53;9.67;10.72;93.05;1.12;4.75
20230613;27.36;20.34;21.02;23.4;5.03;0.62;9.66;10.76;93.11;1.05;2.73
20230614;27.39;21.25;21.11;23.84;6.45;0.79;9.61;10.5;93.22;0.82;0.32
20230615;28.02;21.82;21.91;24.35;5.88;0.72;9.7;10.61;93.15;0.73;0.98
20230616;26.6;22.36;22.47;23.88;5.94;0.73;9.67;10.72;93.09;0.61;2.1
20230617;26.64;21.64;21.81;23.58;4.85;0.6;9.58;10.37;93.19;0.59;1.25
20230618;27.72;21.33;21.03;23.79;6.19;0.75;9.55;10.63;93.25;0.85;1.0
20230619;28.76;21.47;21.49;24.28;6.38;0.77;9.55;10.58;93.15;0.62;0.28
20230620;27.49;21.49;21.63;23.94;5.89;0.72;9.65;10.69;93.15;0.7;1.26
20230621;26.32;21.38;21.54;23.38;5.87;0.74;9.64;10.49;93.2;0.7;2.79
20230622;26.8;20.85;21.64;23.44;5.45;0.68;9.64;10.69;93.21;0.65;11.64
20230623;29.27;20.98;22.21;24.53;6.59;0.81;9.53;10.71;93.07;0.49;2.02
20230624;26.91;20.96;21.67;23.56;6.02;0.76;9.59;10.38;93.06;0.68;2.93
20230625;26.74;20.72;22.22;23.48;5.99;0.75;9.6;10.21;93.01;0.58;37.95
20230626;27.63;21.57;22.47;24.08;6.41;0.8;9.62;10.11;93.01;0.41;5.52
20230627;26.91;21.7;22.31;23.77;5.07;0.66;9.78;10.45;93.08;0.5;4.55
20230628;27.71;21.35;22.15;24.02;5.22;0.66;9.66;10.46;93.17;0.51;3.29
20230629;27.24;21.74;22.22;23.8;5.02;0.64;9.68;10.65;93.15;0.71;13.31
20230630;27.35;21.24;22.08;23.74;5.34;0.67;9.68;10.62;93.14;0.75;19.99
20230701;25.77;21.95;22.29;23.48;5.07;0.66;9.69;10.47;93.21;0.67;7.35
20230702;25.74;21.36;21.45;23.18;4.12;0.54;9.58;10.54;93.29;0.58;1.93
20230703;26.87;20.65;21.51;23.4;5.65;0.74;9.52;10.6;93.27;0.75;1.12
20230704;27.26;21.32;21.74;23.92;5.33;0.7;9.5;10.45;93.22;0.47;0.94
20230705;27.98;21.34;21.88;24.03;5.31;0.7;9.6;10.59;93.12;0.66;1.45
20230706;27.24;21.25;21.41;23.8;6.46;0.83;9.54;10.52;93.26;0.53;0.2
20230707;27.34;21.85;21.65;23.88;6.55;0.85;9.55;10.36;93.28;0.52;0.92
20230708;26.89;21.0;21.57;23.28;6.27;0.82;9.47;10.58;93.35;0.75;11.3
20230709;27.91;20.61;21.47;23.74;5.94;0.77;9.49;10.49;93.28;0.63;3.63
20230710;30.27;19.82;21.26;24.83;6.12;0.81;9.43;10.51;93.16;0.52;1.16
20230711;27.54;21.93;22.48;24.09;5.9;0.76;9.63;10.57;93.17;0.53;5.04
20230712;28.72;20.81;22.18;24.34;6.21;0.8;9.65;10.52;93.16;0.71;9.23
20230713;26.97;22.11;22.73;24.11;5.28;0.68;9.72;10.69;93.1;0.69;4.49
20230714;24.87;21.77;21.87;23.14;5.32;0.71;9.56;10.45;93.11;0.92;7.69
20230715;25.92;21.56;21.65;23.14;4.25;0.57;9.56;10.47;92.98;1.14;13.11
20230716;25.19;20.92;21.22;22.84;4.13;0.55;9.51;10.28;92.78;1.62;24.45
20230717;25.44;21.81;21.87;23.34;4.1;0.54;9.54;10.23;92.72;1.9;13.61
20230718;26.29;21.2;21.23;23.15;4.18;0.55;9.63;10.48;92.87;1.52;8.12
20230719;27.07;21.29;21.55;23.46;4.36;0.57;9.69;10.46;92.85;1.04;1.71
20230720;25.84;21.12;21.4;22.9;5.21;0.67;9.71;11.02;92.87;0.83;4.21
20230721;27.2;20.43;21.76;23.31;5.16;0.69;9.69;10.49;93.05;0.5;7.13
20230722;26.53;21.04;22.0;23.3;4.25;0.56;9.63;10.26;93.21;0.61;6.85
20230723;27.52;21.24;22.05;23.68;4.5;0.59;9.68;10.42;93.18;0.82;35.7
20230724;26.95;20.63;21.35;23.13;4.29;0.56;9.71;10.7;93.07;1.08;6.62
20230725;26.66;20.85;21.78;23.26;4.72;0.61;9.83;10.62;93.06;1.3;29.37
20230726;26.85;20.98;21.74;23.49;4.57;0.59;9.75;10.79;93.03;1.28;8.53
20230727;25.61;21.94;22.78;23.57;3.3;0.43;9.77;10.75;92.92;1.42;25.95
20230728;25.5;21.47;22.44;23.39;4.88;0.64;9.73;10.7;92.84;1.39;23.23
20230729;26.12;21.48;22.03;23.29;3.88;0.51;9.76;10.57;92.91;1.41;21.03
20230730;25.29;21.05;21.54;22.9;2.14;0.28;9.67;10.62;93.0;1.38;19.35
20230731;25.67;21.28;21.59;23.08;3.14;0.41;9.75;10.75;93.1;1.38;40.97
20230801;25.71;20.87;21.12;22.65;4.5;0.62;9.74;10.88;93.07;1.16;5.65
20230802;26.76;20.99;21.26;23.35;4.03;0.55;9.63;10.53;93.14;1.17;4.26
20230803;27.16;21.27;21.69;23.44;4.27;0.59;9.75;10.55;93.18;1.32;16.35
20230804;26.94;20.51;20.92;23.19;5.7;0.78;9.6;10.55;93.37;1.34;10.48
20230805;27.77;19.82;21.2;23.59;6.88;0.93;9.35;10.62;93.39;1.11;0.78
20230806;27.58;20.99;21.72;24.06;6.89;0.93;9.38;10.63;93.18;1.24;0.75
20230807;27.66;21.93;21.66;24.22;6.33;0.86;9.62;10.54;93.07;1.32;0.32
20230808;28.26;21.96;21.42;24.29;6.45;0.89;9.48;10.63;93.15;1.2;0.22
20230809;28.06;21.26;21.04;24.02;6.59;0.89;9.52;10.62;93.28;1.04;0.17
20230810;29.68;21.21;22.15;24.82;7.11;0.96;9.39;10.77;93.2;0.85;0.11
20230811;28.45;22.04;22.12;24.58;6.98;0.94;9.42;10.96;93.11;0.93;0.56
20230812;28.27;21.53;22.21;24.47;6.68;0.91;9.57;10.76;93.07;0.96;3.41
20230813;27.28;21.72;22.42;24.09;5.96;0.81;9.71;10.69;93.08;1.1;10.42
20230814;27.72;21.62;22.26;24.23;6.15;0.83;9.65;10.78;93.11;0.99;3.9
20230815;27.15;22.02;22.31;24.07;6.41;0.86;9.58;10.68;93.16;1.03;3.17
20230816;28.23;21.71;21.97;24.5;6.56;0.89;9.58;10.58;93.18;0.89;0.68
20230817;28.56;21.86;21.95;24.37;6.09;0.84;9.55;10.58;93.14;0.87;0.99
20230818;28.17;21.89;22.36;24.55;6.32;0.86;9.61;10.67;93.03;0.74;1.13
20230819;28.31;21.53;21.94;24.26;6.02;0.81;9.68;10.53;93.05;0.64;9.97
20230820;27.35;21.74;22.12;23.82;5.2;0.72;9.68;10.36;93.05;0.77;18.52
20230821;27.25;20.82;21.43;23.41;5.71;0.79;9.6;10.5;93.16;0.78;5.58
20230822;28.27;20.84;21.16;23.77;6.88;0.93;9.47;10.74;93.16;0.92;2.01
20230823;27.63;21.22;21.08;23.6;7.01;0.95;9.55;10.85;93.1;0.99;2.49
20230824;27.73;21.18;21.09;23.67;7.35;0.98;9.41;10.77;93.12;0.87;1.75
20230825;28.76;21.43;21.74;24.37;6.48;0.87;9.61;10.67;93.1;0.71;0.65
20230826;27.29;20.63;21.75;23.51;6.42;0.86;9.64;10.67;93.1;0.95;8.43
20230827;27.77;20.25;21.27;23.64;6.07;0.82;9.58;10.64;92.98;1.05;2.06
20230828;26.63;21.48;22.35;23.8;5.81;0.79;9.67;10.72;92.88;0.97;14.22
20230829;26.27;21.47;22.18;23.58;5.73;0.79;9.52;10.68;92.9;0.98;23.85
20230830;27.32;21.31;21.85;23.64;4.69;0.65;9.75;10.49;92.98;0.99;17.86
20230831;26.26;21.24;21.94;23.35;4.25;0.59;9.79;10.66;93.02;1.09;21.1
20230901;26.39;21.59;21.93;23.38;4.53;0.54;9.69;10.76;92.99;1.22;28.32
20230902;27.63;21.94;22.29;23.91;4.39;0.53;9.77;10.49;92.87;1.37;18.69
20230903;27.43;21.17;22.21;23.93;4.74;0.57;9.84;10.53;92.82;1.23;8.97
20230904;27.91;21.55;22.37;23.87;4.83;0.59;9.79;10.6;92.85;1.24;15.5
20230905;26.73;21.62;22.53;23.67;4.86;0.59;9.7;10.28;93.0;1.09;14.93
20230906;27.07;21.68;22.51;23.88;5.84;0.71;9.64;10.46;93.11;0.66;5.76
20230907;27.18;21.79;22.58;24.0;5.28;0.65;9.6;10.42;93.15;0.49;2.33
20230908;27.01;21.74;22.33;23.74;5.42;0.66;9.63;10.49;93.19;0.54;6.0
20230909;27.18;21.54;22.06;23.68;5.76;0.71;9.49;10.54;93.09;0.71;3.2
20230910;26.44;21.51;21.76;23.42;4.41;0.54;9.58;10.61;93.15;1.01;6.0
20230911;27.13;21.33;21.97;23.64;5.43;0.67;9.56;10.4;93.17;0.91;11.37
20230912;26.76;20.52;21.17;23.14;5.13;0.63;9.69;10.53;93.21;1.14;18.99
20230913;26.52;20.62;21.36;23.09;5.13;0.63;9.61;10.6;93.18;1.09;4.58
20230914;26.45;20.54;21.23;23.01;4.87;0.6;9.64;10.52;93.14;1.07;10.61
20230915;26.87;20.37;21.16;23.0;4.94;0.61;9.61;10.69;93.16;1.09;7.96
20230916;27.08;20.49;21.47;23.09;5.06;0.62;9.53;10.67;93.2;0.75;3.3
20230917;26.52;21.18;21.83;23.23;6.22;0.79;9.54;10.56;93.18;0.56;2.95
20230918;26.72;20.07;21.92;23.41;5.62;0.7;9.58;10.47;93.24;0.44;6.59
20230919;28.31;21.98;22.03;24.24;5.84;0.73;9.62;10.34;93.31;0.55;1.48
20230920;28.56;20.97;21.7;24.07;6.2;0.79;9.6;10.33;93.24;0.57;1.21
20230921;28.53;20.3;21.72;23.88;4.66;0.59;9.68;10.4;93.24;0.45;8.69
20230922;25.94;21.78;22.17;23.6;5.92;0.75;9.58;10.54;93.21;0.5;8.28
20230923;27.04;21.55;22.09;23.67;5.16;0.65;9.58;10.77;93.18;0.45;8.11
20230924;26.17;20.33;20.95;22.76;3.64;0.45;9.74;10.58;93.05;0.69;3.36
20230925;26.8;20.84;21.6;23.15;4.37;0.56;9.44;10.45;92.83;1.03;8.34
20230926;26.41;20.78;21.49;23.12;4.31;0.54;9.61;10.4;92.98;1.13;11.96
20230927;26.52;20.99;21.77;22.97;4.71;0.59;9.58;10.58;93.1;0.89;21.18
20230928;26.84;20.34;21.01;23.0;4.86;0.62;9.43;10.74;93.26;0.92;12.41
20230929;27.14;21.17;22.02;23.54;5.46;0.69;9.58;10.58;93.3;0.72;38.18
20230930;25.27;20.92;21.33;22.53;5.57;0.69;9.64;10.53;93.29;0.8;12.36
20231001;26.49;20.74;21.82;23.33;3.45;0.43;9.56;10.81;93.19;0.52;45.94
20231002;26.03;21.62;22.47;23.51;1.37;0.17;9.83;10.34;93.09;0.65;14.65
20231003;27.12;20.79;21.31;23.26;4.63;0.59;9.87;10.57;93.21;0.8;0.94
20231004;28.44;20.5;21.58;23.94;6.03;0.77;9.6;10.72;93.26;0.64;0.92
20231005;27.99;21.44;22.08;24.03;6.08;0.72;9.52;10.81;93.21;0.56;2.76
20231006;26.34;21.78;22.49;23.52;4.32;0.55;9.66;10.67;93.27;0.51;8.43
20231007;27.62;21.17;22.23;24.01;4.47;0.57;9.63;10.66;93.31;0.6;4.01
20231008;28.06;21.45;22.29;24.2;4.39;0.56;9.72;10.64;93.35;0.55;2.57
20231009;27.73;20.94;22.12;23.97;5.01;0.64;9.66;10.38;93.36;0.53;3.48
20231010;28.12;21.84;22.63;24.35;4.66;0.6;9.6;10.54;93.33;0.36;8.32
20231011;28.75;21.91;22.56;24.57;5.98;0.76;9.57;10.68;93.33;0.5;0.64
20231012;29.23;21.02;21.98;24.34;5.85;0.75;9.51;10.8;93.35;0.43;4.89
20231013;26.86;22.12;22.32;23.75;5.26;0.68;9.6;10.58;93.32;0.38;9.31
20231014;26.89;21.64;22.37;23.69;4.77;0.61;9.75;10.72;93.21;0.51;3.44
20231015;26.17;21.6;22.4;23.5;4.71;0.61;9.52;10.59;93.16;0.48;8.15
20231016;26.24;21.02;21.15;23.13;3.83;0.49;9.66;10.51;93.24;0.59;4.89
20231017;26.69;20.73;21.53;23.2;5.53;0.7;9.54;10.64;93.26;0.69;1.65
20231018;26.66;21.12;21.49;23.3;5.41;0.69;9.58;10.65;93.35;0.61;0.64
20231019;27.98;20.35;21.93;23.85;5.61;0.73;9.54;10.37;93.38;0.35;4.81
20231020;27.6;21.33;22.2;23.93;5.88;0.76;9.46;10.42;93.4;0.62;6.96
20231021;27.14;19.9;21.59;23.46;3.14;0.42;9.52;10.43;93.49;0.51;3.19
20231022;27.59;21.11;21.89;23.82;5.53;0.72;9.42;10.54;93.49;0.33;2.28
20231023;27.06;19.92;20.86;23.2;4.88;0.64;9.59;10.53;93.46;0.38;4.13
20231024;27.05;20.6;21.67;23.32;5.65;0.73;9.61;10.57;93.35;0.43;2.2
20231025;25.69;20.96;21.47;22.93;4.7;0.63;9.51;10.32;93.45;0.47;4.45
20231026;27.52;20.68;21.52;23.51;5.38;0.71;9.5;10.5;93.43;0.5;1.0
20231027;27.4;21.41;22.02;23.78;5.85;0.75;9.49;10.7;93.38;0.37;1.2
20231028;28.79;20.74;21.51;24.09;5.57;0.73;9.42;10.71;93.34;0.37;2.31
20231029;27.67;20.32;21.43;23.58;5.04;0.67;9.54;10.6;93.32;0.47;0.83
20231030;26.46;20.8;20.87;23.05;5.02;0.68;9.36;10.52;93.3;0.75;0.21
20231031;26.08;20.28;20.69;22.55;4.29;0.57;9.42;10.21;93.38;0.71;4.13
20231101;26.67;20.56;20.74;22.87;5.75;0.75;9.41;10.6;93.38;0.81;1.88
20231102;27.32;20.19;21.12;23.2;4.96;0.66;9.44;10.45;93.36;0.41;0.73
20231103;27.47;20.24;21.16;23.5;4.81;0.65;9.56;10.57;93.22;0.38;0.55
20231104;27.18;20.33;21.26;23.5;4.11;0.56;9.47;10.48;93.27;0.41;0.72
20231105;28.86;20.01;21.79;24.09;5.79;0.76;9.47;10.43;93.33;0.4;2.86
20231106;27.23;20.32;21.19;23.23;4.05;0.54;9.41;10.55;93.4;0.57;1.98
20231107;26.15;18.27;19.79;22.27;2.42;0.32;9.63;10.55;93.34;0.65;0.49
20231108;27.44;19.82;20.64;22.94;5.42;0.71;9.43;10.7;93.35;0.59;0.45
20231109;28.53;20.56;21.38;23.68;5.3;0.69;9.45;10.69;93.38;0.59;0.45
20231110;27.07;20.21;21.07;23.01;2.75;0.36;9.55;10.51;93.49;0.48;0.91
20231111;27.66;20.08;21.02;23.26;5.34;0.7;9.38;10.3;93.51;0.8;0.92
20231112;27.81;19.48;21.06;23.12;4.16;0.56;9.45;10.5;93.5;0.67;0.98
20231113;26.65;20.5;21.29;22.89;3.32;0.44;9.58;10.52;93.44;0.84;5.64
20231114;26.31;21.01;21.56;22.98;3.69;0.5;9.5;10.62;93.49;0.91;10.57
20231115;25.77;20.5;21.03;22.5;1.3;0.17;9.6;10.58;93.55;0.83;9.26
20231116;25.51;20.63;21.75;22.71;1.56;0.2;9.47;10.36;93.58;0.76;23.88
20231117;26.99;18.72;20.17;22.63;3.27;0.43;9.56;10.45;93.6;1.15;3.85
20231118;27.12;17.68;18.23;21.5;5.48;0.72;8.88;10.17;93.51;0.92;0.15
20231119;26.49;17.12;18.56;21.43;4.87;0.65;8.97;10.32;93.46;0.73;0.15
20231120;28.24;17.31;19.51;22.45;5.0;0.67;9.15;10.29;93.4;0.61;0.23
20231121;27.77;18.18;18.96;22.37;6.02;0.78;9.07;10.37;93.29;0.52;0.08
20231122;28.1;16.59;19.4;22.19;4.22;0.56;9.34;10.39;93.23;0.47;0.04
20231123;25.64;18.81;19.86;21.83;3.49;0.47;9.45;10.01;93.26;0.6;0.28
20231124;25.09;19.79;19.68;21.82;1.46;0.19;9.34;10.04;93.35;0.78;0.29
20231125;25.35;19.62;19.81;22.2;3.32;0.44;9.47;10.26;93.33;0.96;0.34
20231126;25.86;18.98;19.52;21.96;4.24;0.56;9.45;10.52;93.41;0.91;0.46
20231127;26.79;19.04;19.19;22.37;4.76;0.63;9.29;10.59;93.29;0.88;0.04
20231128;27.6;18.51;19.32;22.43;3.71;0.49;9.44;10.32;93.26;0.84;0.06
20231129;27.59;19.43;20.17;22.92;4.67;0.61;9.52;10.64;93.3;0.92;0.17
20231130;25.75;20.33;20.81;22.59;4.29;0.57;9.47;10.42;93.4;0.84;1.31
20231201;27.18;20.44;19.91;22.94;4.45;0.58;9.33;10.26;93.34;1.1;0.13
20231202;26.05;20.0;20.07;22.29;2.98;0.39;9.44;10.17;93.41;1.04;9.94
20231203;24.69;19.58;20.53;21.57;1.93;0.25;9.39;10.1;93.43;1.0;20.72
20231204;26.94;18.33;19.85;22.2;4.32;0.56;9.32;10.3;93.38;0.6;0.95
20231205;25.3;19.04;20.41;21.96;4.81;0.62;9.28;10.19;93.34;0.65;0.53
20231206;26.72;19.32;20.76;22.51;4.45;0.58;9.34;10.29;93.4;0.62;0.92
20231207;27.62;18.49;19.69;22.48;5.21;0.67;9.1;10.14;93.4;0.63;0.59
20231208;27.1;18.5;19.85;22.23;4.8;0.62;9.2;10.33;93.4;0.4;0.03
20231209;27.42;17.52;19.17;22.13;5.74;0.72;8.97;10.43;93.34;0.45;0.0
20231210;27.39;18.2;19.2;22.46;5.42;0.7;8.85;10.53;93.29;0.55;0.04
20231211;27.79;16.95;19.14;21.96;5.92;0.7;8.64;10.56;93.35;0.56;0.06
20231212;27.71;16.42;19.07;21.65;5.62;0.72;8.8;10.37;93.33;0.75;0.12
20231213;26.92;18.36;19.5;21.92;5.27;0.68;9.05;10.28;93.41;0.91;0.02
20231214;28.09;18.43;20.06;22.62;5.57;0.72;9.18;10.58;93.48;0.83;0.01
20231215;27.31;18.08;19.34;22.15;5.26;0.69;9.05;10.42;93.42;0.72;0.0
20231216;28.02;17.23;19.2;22.23;5.53;0.72;8.91;10.41;93.39;0.63;0.33
20231217;27.02;18.57;19.57;21.87;4.96;0.64;9.13;10.46;93.44;1.02;1.72
20231218;27.17;19.11;20.17;22.37;3.61;0.47;9.39;10.43;93.45;0.95;2.33
20231219;27.24;18.69;19.66;22.53;4.38;0.57;9.38;10.41;93.45;0.8;0.34
20231220;26.67;19.17;19.77;22.34;3.04;0.4;9.44;10.01;93.38;1.01;3.3
20231221;26.21;18.66;17.96;21.48;5.08;0.65;8.97;10.58;93.41;1.26;0.69
20231222;24.23;18.97;17.28;20.9;3.39;0.44;9.24;10.04;93.49;1.63;0.56
20231223;25.02;18.93;17.85;21.32;3.12;0.4;9.48;10.36;93.6;1.42;0.57
20231224;26.35;19.12;18.52;21.74;3.17;0.41;9.37;9.88;93.69;1.08;0.93
20231225;24.87;17.03;16.58;20.34;5.4;0.69;8.92;10.2;93.64;1.1;0.15
20231226;26.84;17.02;17.52;21.19;5.67;0.73;8.94;10.18;93.65;0.9;0.03
20231227;27.71;18.09;19.24;22.32;4.35;0.56;9.39;10.35;93.67;0.77;0.04
20231228;27.87;19.28;20.11;22.93;4.09;0.53;9.46;10.44;93.56;0.68;0.15
20231229;28.22;18.99;19.95;23.08;5.53;0.71;9.22;10.43;93.45;0.69;0.02
20231230;28.29;18.82;19.71;23.03;5.62;0.71;9.02;10.55;93.37;0.46;0.01
20231231;28.02;17.69;18.9;22.49;5.76;0.72;8.94;10.43;93.41;0.46;0.01
